id,name,detail
npc,フィーナ,3040061000
special," 战无不胜・粉碎机",风屬性伤害(特大)　<span class=text-blue>◆根据破碎等级而伤害UP(每级25%)/伤害上限UP(每级10%)</span>
skill-1,鬼灭☆3WAY！！," 对全部敌人造成风屬性伤害/防禦DOWN(20%)"
skill-2,飞往II,回避敌人所有的攻击/攻撃UP(50%)
skill-3," 胜利机会","自己的连续攻击机率UP(DA30%, Ta20%)"
support-1,无敌的钻头,三连击发动时获得破碎
skill-lb,LB技能," 根据破碎等级而攻撃UP"
,,